[
    {
      "id": 1,
      "companyName": "Linear company",
      "jobTitle": "Software Engineer",
      "companyLogo": "/images/Linear.png",
      "minPrice": "20",
      "maxPrice": "30",
      "salaryType": "Yearly",
      "jobLocation": "Brussels",
      "postingDate": "2023-11-03",
      "experienceLevel": "Any experience",
      "employmentType": "Full-time",
      "jobType": "Design",
      "description": "Mollit in laborum tempor Lorem incididunt irure. Aute eu ex ad sunt. Pariatur sint culpa do incididunt eiusmod eiusmod culpa. laborum tempor Lorem incididunt."
    },
    {
      "id": 2,
      "companyName": "Notion",
      "jobTitle": "Web Developer",
      "companyLogo": "/images/Notion.png",
      "minPrice": "31",
      "maxPrice": "50",
      "salaryType": "Yearly",
      "jobLocation": "San Francisco",
      "postingDate": "2023-11-02",
      "experienceLevel": "Internship",
      "employmentType": "Temporary",
      "jobType": "Sales",
      "description": "Mollit in laborum tempor Lorem incididunt irure. Aute eu ex ad sunt. Pariatur sint culpa do incididunt eiusmod eiusmod culpa. laborum tempor Lorem incididunt."
    },
    {
      "id": 3,
      "companyName": "Spline studio",
      "jobTitle": "Data Scientist",
      "companyLogo": "/images/Spline.png",
      "minPrice": "31",
      "maxPrice": "50",
      "salaryType": "Yearly",
      "jobLocation": "Seattle",
      "postingDate": "2023-10-28",
      "experienceLevel": "Any experience",
      "employmentType": "Full-time", 
      "jobType": "Marketing",
      "description": "Mollit in laborum tempor Lorem incididunt irure. Aute eu ex ad sunt. Pariatur sint culpa do incididunt eiusmod eiusmod culpa. laborum tempor Lorem incididunt."
    },
    {
      "id": 4,
      "companyName": "Raycast corp",
      "jobTitle": "UI/UX Designer",
      "companyLogo": "/images/Raycast.png",
      "minPrice": "31",
      "maxPrice": "50",
      "salaryType": "Monthly",
      "jobLocation": "London",
      "postingDate": "2023-10-05",
      "experienceLevel": "Work remotely",
      "employmentType": "Part-time",
      "jobType": "Finance",
      "description": "Mollit in laborum tempor Lorem incididunt irure. Aute eu ex ad sunt. Pariatur sint culpa do incididunt eiusmod eiusmod culpa. laborum tempor Lorem incididunt."
    },
    {
      "id": 5,
      "companyName": "Loom",
      "jobTitle": "Frontend Developer",
      "companyLogo": "/images/Loom.png",
      "minPrice": "51",
      "maxPrice": "80",
      "salaryType": "Yearly",
      "jobLocation": "London",
      "postingDate": "2023-10-28",
      "experienceLevel": "Intership",
      "employmentType": "Full-time",
      "jobType": "Technology",
      "description": "Mollit in laborum tempor Lorem incididunt irure. Aute eu ex ad sunt. Pariatur sint culpa do incididunt eiusmod eiusmod culpa. laborum tempor Lorem incididunt."
    },
    {
      "id": 6,
      "companyName": "Engineering",
      "jobTitle": "DevOps Engineer",
      "companyLogo": "/images/Trainline.png",
      "minPrice": "81",
      "maxPrice": "100",
      "salaryType": "Yearly",
      "jobLocation": "Boston",
      "postingDate": "2023-10-05",
      "experienceLevel": "Intership",
      "employmentType": "Temporary",
      "jobType": "Engineering",
      "description": "Mollit in laborum tempor Lorem incididunt irure. Aute eu ex ad sunt. Pariatur sint culpa do incididunt eiusmod eiusmod culpa. laborum tempor Lorem incididunt."
    },
    {
      "id": 1,
      "companyName": "Linear company",
      "jobTitle": "Software Engineer",
      "companyLogo": "/images/Linear.png",
      "minPrice": "31",
      "maxPrice": "80",
      "salaryType": "Yearly",
      "jobLocation": "Brussels",
      "postingDate": "2023-11-05",
      "experienceLevel": "Any experience",
      "employmentType": "Full-time",
      "jobType": "Design",
      "description": "Mollit in laborum tempor Lorem incididunt irure. Aute eu ex ad sunt. Pariatur sint culpa do incididunt eiusmod eiusmod culpa. laborum tempor Lorem incididunt."
    },
    {
      "id": 2,
      "companyName": "Engineering",
      "jobTitle": "Web Developer",
      "companyLogo": "/images/Notion.png",
      "minPrice": "31",
      "maxPrice": "50",
      "salaryType": "Yearly",
      "jobLocation": "San Francisco",
      "postingDate": "2024-03-31",
      "experienceLevel": "Internship",
      "employmentType": "Temporary",
      "jobType": "Engineering",
      "description": "Mollit in laborum tempor Lorem incididunt irure. Aute eu ex ad sunt. Pariatur sint culpa do incididunt eiusmod eiusmod culpa. laborum tempor Lorem incididunt."
    },
    {
      "id": 3,
      "companyName": "Engineering",
      "jobTitle": "Data Scientist",
      "companyLogo": "/images/Spline.png",
      "minPrice": "31",
      "maxPrice": "50",
      "salaryType": "Yearly",
      "jobLocation": "Seattle",
      "postingDate": "2023-10-28",
      "experienceLevel": "Any experience",
      "employmentType": "Full-time", 
      "jobType": "Engineering",
      "description": "Mollit in laborum tempor Lorem incididunt irure. Aute eu ex ad sunt. Pariatur sint culpa do incididunt eiusmod eiusmod culpa. laborum tempor Lorem incididunt."
    },
    {
      "id": 4,
      "companyName": "Raycast corp",
      "jobTitle": "UI/UX Designer",
      "companyLogo": "/images/Raycast.png",
      "minPrice": "31",
      "maxPrice": "50",
      "salaryType": "Monthly",
      "jobLocation": "London",
      "postingDate": "2023-10-05",
      "experienceLevel": "Work remotely",
      "employmentType": "Part-time",
      "jobType": "Sales",
      "description": "Mollit in laborum tempor Lorem incididunt irure. Aute eu ex ad sunt. Pariatur sint culpa do incididunt eiusmod eiusmod culpa. laborum tempor Lorem incididunt."
    },
    {
      "id": 5,
      "companyName": "Loom",
      "jobTitle": "Frontend Developer",
      "companyLogo": "/images/Loom.png",
      "minPrice": "51",
      "maxPrice": "80",
      "salaryType": "Yearly",
      "jobLocation": "London",
      "postingDate": "2024-04-07",
      "experienceLevel": "Intership",
      "employmentType": "Full-time",
      "jobType": "Human Resources",
      "description": "Mollit in laborum tempor Lorem incididunt irure. Aute eu ex ad sunt. Pariatur sint culpa do incididunt eiusmod eiusmod culpa. laborum tempor Lorem incididunt."
    },
    {
      "id": 6,
      "companyName": "Trainline group",
      "jobTitle": "DevOps Engineer",
      "companyLogo": "/images/Trainline.png",
      "minPrice": "81",
      "maxPrice": "100",
      "salaryType": "Yearly",
      "jobLocation": "Boston",
      "postingDate": "2024-03-09",
      "experienceLevel": "Intership",
      "employmentType": "Temporary",
      "jobType": "Bussiness",
      "description": "Mollit in laborum tempor Lorem incididunt irure. Aute eu ex ad sunt. Pariatur sint culpa do incididunt eiusmod eiusmod culpa. laborum tempor Lorem incididunt."
    }
  ]
  